subject;Age;Gender;task_order;training_performance;experimental_condition;stimulus_identity;Outcome_1_Pos_Neg;Outcome_1_Good_Bad;Outcome_1_Pleasant_Unpleasant;Outcome_1_Like_Dislike;Target_1_Pos_Neg;Target_1_Good_Bad;Target_1_Pleasant_Unpleasant;Target_1_Like_Dislike;Outcome_2_Pos_Neg;Outcome_2_Good_Bad;Outcome_2_Pleasant_Unpleasant;Outcome_2_Like_Dislike;Target_2_Pos_Neg;Target_2_Good_Bad;Target_2_Pleasant_Unpleasant;Target_2_Like_Dislike;Mean_Outcome_1;Mean_Outcome_2;Mean_Target_1;Mean_Target_2;OEC_Effect;IR_Effect;Transformed_OEC_Effect;Transformed_IR_Effect;Intentions_1_3_response;Intentions_2_4_response;stim_1_confidence;stim_2_confidence;stim_3_confidence;stim_4_confidence;Demand_response;Demand_recoded;reactance_question_1;reactance_question_2;believability_question_1;believability_question_2;IAT_D2;IAT_order;Reverse_Scored_IAT_D2;Transformed_IAT_D2
  4;27;M;Implicits First;Pass;AQ;Outcome_1_Target_1_Good_Outcome_2_Target_2_Bad;-2; 2; 2; 4; 1; 3; 4; 1; 3;-2; 3; 3;-2;-1;-1;-2; 1,50; 1,75; 2,25;-1,50; -0,25;  3,75;-0,25; 3,75;I would try Brand 3;I would try Brand 2; 1; 2; 0; 4;What I learned during the experiment;Not Demand Compliant;yes;3;yes;5=I moderately believed it;-0,1026739319;Learning_Inconsistent_First; 0,1026739319; 0,1026739319
  6;37;M;Explicits First;Pass;AQ;Outcome_1_Target_1_Good_Outcome_2_Target_2_Bad; 1; 1; 1; 1; 1; 0;-1; 0;-1;-1;-1;-1; 0;-1; 0; 0; 1,00;-1,00; 0,00;-0,25;  2,00;  0,25; 2,00; 0,25;I would try Brands 1 and 3;I would try Brand 4;-3; 3;-3; 4;What I thought the experimenter wanted me to say;Demand Compliant;yes;6;no;NA;-0,4116838388;Learning_Inconsistent_First; 0,4116838388; 0,4116838388
 11;21;F;Implicits First;Pass;EX;Outcome_1_Target_1_Good_Outcome_2_Target_2_Bad; 2; 2; 2; 2; 2; 2; 2; 2;-2;-2;-2;-2;-2;-2;-2;-2; 2,00;-2,00; 2,00;-2,00;  4,00;  4,00; 4,00; 4,00;I would try Brand 1;I would try Brand 2; 2; 2;-2;-2;What I learned during the experiment;Not Demand Compliant;yes;7;no;NA; 0,5017008323;Learning_Consistent_First; 0,5017008323; 0,5017008323
 14;23;M;Explicits First;Pass;EX;Outcome_1_Target_1_Good_Outcome_2_Target_2_Bad;-1;-1; 0;-1; 0; 0; 0; 1; 0; 0; 0; 0;-2;-2;-1;-2;-0,75; 0,00; 0,25;-1,75; -0,75;  2,00;-0,75; 2,00;I would try neither Brand;I would try Brand 2; 4; 3; 4; 4;What I learned during the experiment;Not Demand Compliant;yes;3;no;NA; 0,5541274329;Learning_Inconsistent_First;-0,5541274329;-0,5541274329
 15;27;M;Implicits First;Pass;EX;Outcome_1_Target_1_Good_Outcome_2_Target_2_Bad; 0; 0; 0; 0; 0; 0; 0; 0; 0; 0; 0; 0; 0; 0; 0; 0; 0,00; 0,00; 0,00; 0,00;  0,00;  0,00; 0,00; 0,00;I would try Brands 1 and 3;I would try Brands 2 and 4; 5; 5; 5; 5;I based my ratings on some some factor that was not what I learned or what the experimenter wanted me to do;Not Demand Compliant;yes;5=I slightly resisted your attempts to influence how I felt;yes;5=I moderately believed it; 0,6168431228;Learning_Consistent_First; 0,6168431228; 0,6168431228
 18;30;F;Explicits First;Pass;AQ;Outcome_1_Target_1_Bad_Outcome_2_Target_2_Good;-3;-3;-3;-3;-2;-1;-1;-2; 3; 2; 3; 3;-1; 0;-2;-1;-3,00; 2,75;-1,50;-1,00; -5,75; -0,50; 5,75; 0,50;I would try Brands 1 and 3;I would try Brands 2 and 4; 3; 1; 4; 0;What I learned during the experiment;Not Demand Compliant;yes;5=I slightly resisted your attempts to influence how I felt;yes;5=I moderately believed it; 0,1285598884;Learning_Inconsistent_First;-0,1285598884; 0,1285598884
 19;18;M;Implicits First;Fail;AQ;Outcome_1_Target_1_Bad_Outcome_2_Target_2_Good; 0; 0; 0; 0; 0; 0; 0; 0; 0; 0; 0; 0; 0; 0; 0; 0; 0,00; 0,00; 0,00; 0,00;  0,00;  0,00; 0,00; 0,00;I would try neither Brand;I would try neither Brand; 0; 0; 0; 0;I based my ratings on some some factor that was not what I learned or what the experimenter wanted me to do;Not Demand Compliant;no;NA;no;NA; 0,0728838300;Learning_Consistent_First; 0,0728838300;-0,0728838300
 20;28;F;Implicits First;Pass;AQ;Outcome_1_Target_1_Bad_Outcome_2_Target_2_Good;-1;-2;-1;-1; 0; 0; 0; 0; 0; 0; 0; 0;-1;-1;-1;-1;-1,25; 0,00; 0,00;-1,00; -1,25;  1,00; 1,25;-1,00;I don't know;I would try Brands 2 and 4; 4; 4; 4; 4;I based my ratings on some some factor that was not what I learned or what the experimenter wanted me to do;Not Demand Compliant;no;NA;no;NA; 0,7029801256;Learning_Inconsistent_First;-0,7029801256; 0,7029801256
 22;25;M;Explicits First;Fail;AQ;Outcome_1_Target_1_Bad_Outcome_2_Target_2_Good; 0;-2; 0;-2; 0; 0; 0; 1; 1; 1; 1; 2; 0; 0; 1; 0;-1,00; 1,25; 0,25; 0,25; -2,25;  0,00; 2,25; 0,00;I would try Brand 3;I would try Brand 4;-3;-1;-3;-1;I based my ratings on some some factor that was not what I learned or what the experimenter wanted me to do;Not Demand Compliant;yes;3;no;NA; 0,0956690844;Learning_Inconsistent_First;-0,0956690844; 0,0956690844
 25;26;M;Explicits First;Pass;EX;Outcome_1_Target_1_Bad_Outcome_2_Target_2_Good; 2; 2; 3; 2; 2; 2; 2; 2; 2; 2; 2; 2; 3; 2; 2; 0; 2,25; 2,00; 2,00; 1,75;  0,25;  0,25;-0,25;-0,25;I would try Brands 1 and 3;I would try Brands 2 and 4; 3; 0; 2; 0;What I thought the experimenter wanted me to say;Demand Compliant;yes;1=I did not resist your attempts to influence how I felt at all;no;NA; 0,0457228126;Learning_Consistent_First; 0,0457228126;-0,0457228126
 26;24;F;Explicits First;Pass;EX;Outcome_1_Target_1_Bad_Outcome_2_Target_2_Good;-2;-2;-2;-2; 2; 2; 2; 2; 0; 0; 0; 0; 1; 1; 1; 1;-2,00; 0,00; 2,00; 1,00; -2,00;  1,00; 2,00;-1,00;I would try neither Brand;I would try Brand 2; 2; 5; 0; 5;I based my ratings on some some factor that was not what I learned or what the experimenter wanted me to do;Not Demand Compliant;yes;2;no;NA;-0,0349843974;Learning_Inconsistent_First; 0,0349843974;-0,0349843974
 28;35;F;Implicits First;Pass;EX;Outcome_1_Target_1_Bad_Outcome_2_Target_2_Good;-3;-2;-2;-2; 0; 0; 0; 0; 3; 0; 0; 3; 0; 0; 0; 0;-2,25; 1,50; 0,00; 0,00; -3,75;  0,00; 3,75; 0,00;I would try Brands 1 and 3;I would try Brands 2 and 4; 0; 0; 0; 0;I based my ratings on some some factor that was not what I learned or what the experimenter wanted me to do;Not Demand Compliant;yes;7;no;NA; 0,5704064178;Learning_Inconsistent_First;-0,5704064178; 0,5704064178
 32;39;F;Implicits First;Pass;EX;Outcome_1_Target_1_Bad_Outcome_2_Target_2_Good; 2; 2; 2; 2;-2; 2; 2;-2;-2;-2;-2;-2; 2; 0; 0; 0; 2,00;-2,00; 0,00; 0,50;  4,00; -0,50;-4,00; 0,50;I would try Brand 1;I would try Brand 4; 1; 1; 1; 1;What I learned during the experiment;Not Demand Compliant;yes;4;no;NA;-0,3543847789;Learning_Inconsistent_First; 0,3543847789;-0,3543847789
 35;27;F;Implicits First;Pass;AQ;Outcome_1_Target_1_Good_Outcome_2_Target_2_Bad; 3; 4; 3; 3; 2; 2; 2; 2;-4;-4;-4;-4;-4;-4;-4;-4; 3,25;-4,00; 2,00;-4,00;  7,25;  6,00; 7,25; 6,00;I would try neither Brand;I would try neither Brand; 4; 2; 3; 4;I based my ratings on some some factor that was not what I learned or what the experimenter wanted me to do;Not Demand Compliant;yes;5=I slightly resisted your attempts to influence how I felt;no;NA; 0,3769457275;Learning_Consistent_First; 0,3769457275; 0,3769457275
 36;30;M;Implicits First;Pass;AQ;Outcome_1_Target_1_Good_Outcome_2_Target_2_Bad; 4; 3; 3; 3; 0; 0; 0; 0;-3;-3;-3;-3; 0; 0; 0; 0; 3,25;-3,00; 0,00; 0,00;  6,25;  0,00; 6,25; 0,00;I would try Brand 1;I don't know; 3; 3; 3; 3;I don't know why I evaluated the items as I did;Not Demand Compliant;yes;5=I slightly resisted your attempts to influence how I felt;no;NA; 1,1519035700;Learning_Inconsistent_First;-1,1519035700;-1,1519035700
 37;25;F;Explicits First;Pass;AQ;Outcome_1_Target_1_Good_Outcome_2_Target_2_Bad; 5; 5; 5; 5; 4; 4; 4; 3;-5;-5; 5;-5;-4;-3;-3;-4; 5,00;-2,50; 3,75;-3,50;  7,50;  7,25; 7,50; 7,25;I would try Brand 1;I would try Brand 2; 5; 4; 5; 4;What I learned during the experiment;Not Demand Compliant;yes;1=I did not resist your attempts to influence how I felt at all;no;NA; 0,4714001303;Learning_Consistent_First; 0,4714001303; 0,4714001303
 38;34;F;Explicits First;Pass;AQ;Outcome_1_Target_1_Good_Outcome_2_Target_2_Bad; 2; 2; 2; 2; 2; 2; 2; 2; 3; 3; 3; 3; 1; 1; 1; 1; 2,00; 3,00; 2,00; 1,00; -1,00;  1,00;-1,00; 1,00;I would try neither Brand;I don't know; 3; 3; 3; 3;I based my ratings on some some factor that was not what I learned or what the experimenter wanted me to do;Not Demand Compliant;yes;4;yes;3;-0,0175341483;Learning_Inconsistent_First; 0,0175341483; 0,0175341483
 39;27;F;Implicits First;Pass;AQ;Outcome_1_Target_1_Good_Outcome_2_Target_2_Bad; 3; 3; 3; 3; 3; 3; 3; 3;-4;-3;-3;-3;-3;-3;-3;-3; 3,00;-3,25; 3,00;-3,00;  6,25;  6,00; 6,25; 6,00;I would try Brand 1;I would try Brand 2; 3; 3; 3; 3;What I learned during the experiment;Not Demand Compliant;yes;5=I slightly resisted your attempts to influence how I felt;yes;5=I moderately believed it; 0,7928376778;Learning_Consistent_First; 0,7928376778; 0,7928376778
 41;34;F;Explicits First;Pass;EX;Outcome_1_Target_1_Good_Outcome_2_Target_2_Bad; 0; 0; 0; 0; 0; 0; 0; 0; 0; 0; 0; 0; 0; 0; 0; 0; 0,00; 0,00; 0,00; 0,00;  0,00;  0,00; 0,00; 0,00;I don't know;I don't know;-1; 5;-1; 5;I don't know why I evaluated the items as I did;Not Demand Compliant;yes;1=I did not resist your attempts to influence how I felt at all;no;NA; 0,3987304097;Learning_Consistent_First; 0,3987304097; 0,3987304097
 42;33;F;Explicits First;Pass;EX;Outcome_1_Target_1_Good_Outcome_2_Target_2_Bad; 3; 5; 3; 4;-2;-2;-2;-2;-3;-2;-2;-3; 3; 2; 3; 3; 3,75;-2,50;-2,00; 2,75;  6,25; -4,75; 6,25;-4,75;I would try Brand 1;I would try Brand 4; 3; 3; 3; 3;What I learned during the experiment;Not Demand Compliant;yes;4;no;NA; 0,4426368193;Learning_Inconsistent_First;-0,4426368193;-0,4426368193
 45;23;F;Explicits First;Pass;EX;Outcome_1_Target_1_Good_Outcome_2_Target_2_Bad; 2; 2; 2; 2; 2; 2; 2; 2; 0; 0; 0; 0;-1;-1;-1; 0; 2,00; 0,00; 2,00;-0,75;  2,00;  2,75; 2,00; 2,75;I would try Brands 1 and 3;I would try Brands 2 and 4;-1; 0;-2;-2;What I learned during the experiment;Not Demand Compliant;yes;5=I slightly resisted your attempts to influence how I felt;no;NA; 0,5190621771;Learning_Consistent_First; 0,5190621771; 0,5190621771
 46;27;F;Explicits First;Pass;EX;Outcome_1_Target_1_Good_Outcome_2_Target_2_Bad; 0; 0; 0; 0; 0; 0; 0; 0; 0; 0; 0; 0; 0; 0; 0; 0; 0,00; 0,00; 0,00; 0,00;  0,00;  0,00; 0,00; 0,00;I would try Brand 3;I would try Brand 4; 0; 0; 0; 0;I based my ratings on some some factor that was not what I learned or what the experimenter wanted me to do;Not Demand Compliant;no;NA;no;NA; 0,1671800692;Learning_Inconsistent_First;-0,1671800692;-0,1671800692
 47;38;F;Implicits First;Pass;EX;Outcome_1_Target_1_Good_Outcome_2_Target_2_Bad; 3; 2; 2; 3; 0; 0; 0; 0; 3; 4; 3; 2; 0; 0; 0; 0; 2,50; 3,00; 0,00; 0,00; -0,50;  0,00;-0,50; 0,00;I would try neither Brand;I would try Brand 4; 4; 3; 4; 4;What I learned during the experiment;Not Demand Compliant;yes;5=I slightly resisted your attempts to influence how I felt;no;NA; 0,4162183164;Learning_Consistent_First; 0,4162183164; 0,4162183164
 50;32;F;Explicits First;Pass;AQ;Outcome_1_Target_1_Bad_Outcome_2_Target_2_Good;-3; 0;-3;-3; 0;-2;-1;-2; 0; 0; 2; 2; 0; 0; 0; 0;-2,25; 1,00;-1,25; 0,00; -3,25; -1,25; 3,25; 1,25;I would try Brand 3;I would try Brand 4; 3;-2; 2;-3;What I learned during the experiment;Not Demand Compliant;yes;1=I did not resist your attempts to influence how I felt at all;yes;5=I moderately believed it; 0,6226477192;Learning_Inconsistent_First;-0,6226477192; 0,6226477192
 51;21;F;Implicits First;Pass;AQ;Outcome_1_Target_1_Bad_Outcome_2_Target_2_Good;-4;-5;-5; 0; 0;-4; 0;-4; 4; 5; 4; 0; 0; 4; 0; 0;-3,50; 3,25;-2,00; 1,00; -6,75; -3,00; 6,75; 3,00;I would try Brand 3;I would try Brands 2 and 4; 3; 3; 3; 3;What I learned during the experiment;Not Demand Compliant;no;NA;no;NA; 0,0729390359;Learning_Consistent_First; 0,0729390359;-0,0729390359
 52;20;M;Implicits First;Pass;AQ;Outcome_1_Target_1_Bad_Outcome_2_Target_2_Good;-1;-1;-1;-1;-1;-1;-1;-1; 1; 1; 1; 1; 1; 1;-1; 1;-1,00; 1,00;-1,00; 0,50; -2,00; -1,50; 2,00; 1,50;I would try Brands 1 and 3;I would try Brands 2 and 4; 0; 0; 0; 0;What I learned during the experiment;Not Demand Compliant;yes;1=I did not resist your attempts to influence how I felt at all;no;NA; 0,2871425304;Learning_Inconsistent_First;-0,2871425304; 0,2871425304
 53;31;M;Explicits First;Pass;AQ;Outcome_1_Target_1_Bad_Outcome_2_Target_2_Good;-5;-5;-5;-5;-5;-5;-5;-5; 5; 5; 5; 5; 5; 5; 5; 5;-5,00; 5,00;-5,00; 5,00;-10,00;-10,00;10,00;10,00;I would try Brand 3;I would try Brand 4; 4; 4; 4; 4;What I learned during the experiment;Not Demand Compliant;no;NA;yes;8;-0,6452976972;Learning_Consistent_First;-0,6452976972; 0,6452976972
 58;30;M;Explicits First;Pass;EX;Outcome_1_Target_1_Bad_Outcome_2_Target_2_Good;-2;-2;-3;-2; 1; 1; 2; 1; 0; 0; 0; 0; 1; 1; 1; 2;-2,25; 0,00; 1,25; 1,25; -2,25;  0,00; 2,25; 0,00;I would try Brand 3;I would try Brand 2;-1; 2;-1; 4;What I learned during the experiment;Not Demand Compliant;yes;2;yes;5=I moderately believed it; 0,1613836483;Learning_Inconsistent_First;-0,1613836483; 0,1613836483
 61;27;F;Explicits First;Pass;EX;Outcome_1_Target_1_Bad_Outcome_2_Target_2_Good;-1;-1; 0; 0;-1;-1;-1;-1; 2; 2; 3; 2; 2; 2; 2; 2;-0,50; 2,25;-1,00; 2,00; -2,75; -3,00; 2,75; 3,00;I would try Brands 1 and 3;I would try Brand 4; 1; 1; 3; 3;What I learned during the experiment;Not Demand Compliant;yes;4;no;NA;-0,2953067586;Learning_Consistent_First;-0,2953067586; 0,2953067586
 62;27;M;Explicits First;Pass;EX;Outcome_1_Target_1_Bad_Outcome_2_Target_2_Good; 0; 0; 0; 0; 0; 0; 0; 0; 2; 2; 2; 2; 0; 0; 0; 0; 0,00; 2,00; 0,00; 0,00; -2,00;  0,00; 2,00; 0,00;I would try Brand 3;I would try Brand 4; 4; 3; 4; 3;I based my ratings on some some factor that was not what I learned or what the experimenter wanted me to do;Not Demand Compliant;no;NA;no;NA; 0,4930979620;Learning_Inconsistent_First;-0,4930979620; 0,4930979620
 65;37;F;Explicits First;Fail;AQ;Outcome_1_Target_1_Good_Outcome_2_Target_2_Bad; 0; 0; 0; 0; 0; 0; 0; 0; 0; 0; 0; 0; 0; 0; 0; 0; 0,00; 0,00; 0,00; 0,00;  0,00;  0,00; 0,00; 0,00;I would try Brand 1;I don't know; 0; 0; 0; 0;I don't know why I evaluated the items as I did;Not Demand Compliant;yes;5=I slightly resisted your attempts to influence how I felt;yes;5=I moderately believed it; 0,2747646013;Learning_Consistent_First; 0,2747646013; 0,2747646013
 67;27;F;Implicits First;Pass;AQ;Outcome_1_Target_1_Good_Outcome_2_Target_2_Bad; 2; 2; 2; 2; 1; 1; 1; 1;-1;-1;-1;-1;-1;-1;-1;-1; 2,00;-1,00; 1,00;-1,00;  3,00;  2,00; 3,00; 2,00;I would try Brand 1;I would try Brands 2 and 4; 3; 2; 2; 2;What I learned during the experiment;Not Demand Compliant;yes;4;no;NA; 1,0581050357;Learning_Consistent_First; 1,0581050357; 1,0581050357
 70;23;F;Explicits First;Pass;AQ;Outcome_1_Target_1_Good_Outcome_2_Target_2_Bad; 3; 3; 3; 3; 3; 3; 3; 3;-4;-3;-3;-3;-3;-3;-3;-3; 3,00;-3,25; 3,00;-3,00;  6,25;  6,00; 6,25; 6,00;I would try Brand 1;I would try Brand 2; 3; 3; 3; 3;What I learned during the experiment;Not Demand Compliant;yes;3;no;NA;-0,2682329384;Learning_Inconsistent_First; 0,2682329384; 0,2682329384
 73;32;F;Explicits First;Pass;EX;Outcome_1_Target_1_Good_Outcome_2_Target_2_Bad; 3; 3; 2; 2; 3; 2; 2; 3; 3; 3; 3; 3; 3; 1; 3; 0; 2,50; 3,00; 2,50; 1,75; -0,50;  0,75;-0,50; 0,75;I would try Brand 1;I would try Brand 4; 3; 2; 2; 2;What I learned during the experiment;Not Demand Compliant;no;NA;no;NA; 0,7806070506;Learning_Consistent_First; 0,7806070506; 0,7806070506
 76;31;M;Implicits First;Pass;EX;Outcome_1_Target_1_Good_Outcome_2_Target_2_Bad;-1;-1;-1;-1; 1; 1; 1; 2; 1; 1; 0; 1;-2;-2;-2;-1;-1,00; 0,75; 1,25;-1,75; -1,75;  3,00;-1,75; 3,00;I would try Brand 3;I would try Brand 2;-1; 1; 1; 1;What I learned during the experiment;Not Demand Compliant;yes;5=I slightly resisted your attempts to influence how I felt;yes;6; 0,2982737192;Learning_Inconsistent_First;-0,2982737192;-0,2982737192
 78;18;M;Explicits First;Pass;EX;Outcome_1_Target_1_Good_Outcome_2_Target_2_Bad; 3; 3; 3; 3; 0; 0; 0; 0;-4;-4;-4; 0; 0; 0; 0; 0; 3,00;-3,00; 0,00; 0,00;  6,00;  0,00; 6,00; 0,00;I would try Brand 1;I would try Brand 2; 4; 3; 3; 3;What I thought the experimenter wanted me to say;Demand Compliant;yes;3;no;NA;-0,2865435314;Learning_Inconsistent_First; 0,2865435314; 0,2865435314
 79;28;F;Implicits First;Pass;EX;Outcome_1_Target_1_Good_Outcome_2_Target_2_Bad; 0; 0; 0; 0; 5; 5; 5; 5; 0; 0; 0; 0;-5;-5;-5;-5; 0,00; 0,00; 5,00;-5,00;  0,00; 10,00; 0,00;10,00;I don't know;I would try Brand 2; 0; 5; 0; 5;What I learned during the experiment;Not Demand Compliant;yes;1=I did not resist your attempts to influence how I felt at all;no;NA; 0,7949707326;Learning_Consistent_First; 0,7949707326; 0,7949707326
 80;36;F;Implicits First;Pass;EX;Outcome_1_Target_1_Good_Outcome_2_Target_2_Bad; 0; 0; 0; 0; 0; 0; 0; 0; 0; 0; 0; 0; 0; 0; 0; 0; 0,00; 0,00; 0,00; 0,00;  0,00;  0,00; 0,00; 0,00;I don't know;I don't know; 5; 5; 5; 5;I don't know why I evaluated the items as I did;Not Demand Compliant;no;NA;no;NA;-0,3668246685;Learning_Inconsistent_First; 0,3668246685; 0,3668246685
 81;25;F;Explicits First;Pass;AQ;Outcome_1_Target_1_Bad_Outcome_2_Target_2_Good; 0; 2; 0; 3;-3;-4;-3;-2; 2; 2; 4; 2; 3; 3; 3; 2; 1,25; 2,50;-3,00; 2,75; -1,25; -5,75; 1,25; 5,75;I would try Brands 1 and 3;I don't know; 0;-2; 1; 2;What I learned during the experiment;Not Demand Compliant;no;NA;yes;5=I moderately believed it; 0,0375700490;Learning_Consistent_First; 0,0375700490;-0,0375700490
 84;38;F;Implicits First;Pass;AQ;Outcome_1_Target_1_Bad_Outcome_2_Target_2_Good;-4;-2;-2;-4;-4;-4;-4;-4; 3; 3; 3; 3; 5; 5; 5; 3;-3,00; 3,00;-4,00; 4,50; -6,00; -8,50; 6,00; 8,50;I would try Brand 3;I would try Brand 4; 4; 5; 4; 5;What I learned during the experiment;Not Demand Compliant;yes;1=I did not resist your attempts to influence how I felt at all;yes;9=I very strongly believed it; 0,4039637529;Learning_Inconsistent_First;-0,4039637529; 0,4039637529
 87;32;F;Implicits First;Pass;AQ;Outcome_1_Target_1_Bad_Outcome_2_Target_2_Good;-5;-5;-5;-5;-1;-1;-1;-1; 5; 4; 5; 5; 0; 0; 0; 0;-5,00; 4,75;-1,00; 0,00; -9,75; -1,00; 9,75; 1,00;I would try Brand 3;I would try Brand 4; 5; 2; 5; 1;What I learned during the experiment;Not Demand Compliant;yes;4;yes;3; 0,5249899762;Learning_Consistent_First; 0,5249899762;-0,5249899762
 88;38;F;Implicits First;Pass;AQ;Outcome_1_Target_1_Bad_Outcome_2_Target_2_Good;-2;-2;-2;-2;-2;-2;-2;-2; 2; 2; 2; 2; 4; 4; 4; 4;-2,00; 2,00;-2,00; 4,00; -4,00; -6,00; 4,00; 6,00;I would try Brand 3;I would try Brand 4; 0; 0; 2; 2;What I learned during the experiment;Not Demand Compliant;yes;4;no;NA; 0,5675136969;Learning_Inconsistent_First;-0,5675136969; 0,5675136969
 89;35;M;Explicits First;Pass;EX;Outcome_1_Target_1_Bad_Outcome_2_Target_2_Good; 0; 0; 0; 0; 0; 0; 0; 0; 0; 0; 0; 0; 0; 0; 0; 0; 0,00; 0,00; 0,00; 0,00;  0,00;  0,00; 0,00; 0,00;I would try Brands 1 and 3;I would try Brand 4; 3; 3; 1; 3;I don't know why I evaluated the items as I did;Not Demand Compliant;yes;6;no;NA;-0,2223296042;Learning_Consistent_First;-0,2223296042; 0,2223296042
 93;31;F;Explicits First;Pass;EX;Outcome_1_Target_1_Bad_Outcome_2_Target_2_Good;-3;-3;-3;-3;-3;-3;-3;-3; 3; 3; 3; 4; 3; 3; 4; 4;-3,00; 3,25;-3,00; 3,50; -6,25; -6,50; 6,25; 6,50;I would try Brand 3;I would try Brands 2 and 4; 2; 2; 2; 2;What I learned during the experiment;Not Demand Compliant;no;NA;no;NA;-0,1287452241;Learning_Consistent_First;-0,1287452241; 0,1287452241
 94;32;M;Explicits First;Pass;EX;Outcome_1_Target_1_Bad_Outcome_2_Target_2_Good; 1; 1; 1; 1; 2; 1; 1; 0; 0; 0; 1; 1; 1; 1; 1; 1; 1,00; 0,50; 1,00; 1,00;  0,50;  0,00;-0,50; 0,00;I would try Brand 3;I would try Brand 2; 0; 1; 1; 0;What I learned during the experiment;Not Demand Compliant;yes;5=I slightly resisted your attempts to influence how I felt;no;NA; 0,1717203379;Learning_Inconsistent_First;-0,1717203379; 0,1717203379
 95;30;M;Implicits First;Pass;EX;Outcome_1_Target_1_Bad_Outcome_2_Target_2_Good;-4;-4;-4;-3;-3;-3;-3;-3; 5; 5; 5; 5; 3; 3; 4; 4;-3,75; 5,00;-3,00; 3,50; -8,75; -6,50; 8,75; 6,50;I would try Brand 3;I would try Brand 4; 4; 1; 4; 1;What I learned during the experiment;Not Demand Compliant;yes;3;yes;7; 0,2531610049;Learning_Consistent_First; 0,2531610049;-0,2531610049
 96;34;F;Implicits First;Pass;EX;Outcome_1_Target_1_Bad_Outcome_2_Target_2_Good; 1; 1; 1; 1; 0; 0; 0; 0; 0; 0; 0; 0; 0; 0; 0; 0; 1,00; 0,00; 0,00; 0,00;  1,00;  0,00;-1,00; 0,00;I don't know;I don't know;-5;-5;-5;-5;What I learned during the experiment;Not Demand Compliant;yes;7;no;NA;-0,0975187220;Learning_Inconsistent_First; 0,0975187220;-0,0975187220
 97;29;M;Explicits First;Pass;AQ;Outcome_1_Target_1_Good_Outcome_2_Target_2_Bad; 5; 4; 5; 5; 5; 4; 5; 4;-4;-4;-4;-4;-4;-4;-4;-4; 4,75;-4,00; 4,50;-4,00;  8,75;  8,50; 8,75; 8,50;I would try Brand 1;I would try Brand 2; 4; 5; 5; 4;What I learned during the experiment;Not Demand Compliant;yes;5=I slightly resisted your attempts to influence how I felt;yes;3; 0,6594993905;Learning_Consistent_First; 0,6594993905; 0,6594993905
 99;30;M;Implicits First;Fail;AQ;Outcome_1_Target_1_Good_Outcome_2_Target_2_Bad; 2; 2; 2; 2; 0; 0; 0; 0; 1; 1; 1; 1; 0; 0; 0; 0; 2,00; 1,00; 0,00; 0,00;  1,00;  0,00; 1,00; 0,00;I would try Brands 1 and 3;I would try Brands 2 and 4; 0; 0; 0; 3;What I learned during the experiment;Not Demand Compliant;no;NA;yes;8; 0,8198693072;Learning_Consistent_First; 0,8198693072; 0,8198693072
105;20;F;Explicits First;Pass;EX;Outcome_1_Target_1_Good_Outcome_2_Target_2_Bad; 2; 2; 2; 2; 0; 0; 0; 0; 0; 0; 0; 0; 0; 0; 0; 0; 2,00; 0,00; 0,00; 0,00;  2,00;  0,00; 2,00; 0,00;I would try Brand 3;I would try Brand 4; 0; 0; 0; 0;I based my ratings on some some factor that was not what I learned or what the experimenter wanted me to do;Not Demand Compliant;yes;5=I slightly resisted your attempts to influence how I felt;no;NA; 0,1449866233;Learning_Consistent_First; 0,1449866233; 0,1449866233
106;35;F;Explicits First;Pass;EX;Outcome_1_Target_1_Good_Outcome_2_Target_2_Bad; 3; 3; 3; 3; 0; 0; 0; 0;-3;-3;-3;-3; 0; 0; 0; 0; 3,00;-3,00; 0,00; 0,00;  6,00;  0,00; 6,00; 0,00;I would try Brand 1;I would try Brand 2; 5; 5; 5; 5;What I learned during the experiment;Not Demand Compliant;yes;7;no;NA; 0,6923364399;Learning_Inconsistent_First;-0,6923364399;-0,6923364399
109;26;F;Explicits First;Pass;EX;Outcome_1_Target_1_Good_Outcome_2_Target_2_Bad; 0; 2; 0; 0; 4; 5; 3; 5; 0; 0; 0;-1; 5; 5; 3; 5; 0,50;-0,25; 4,25; 4,50;  0,75; -0,25; 0,75;-0,25;I would try neither Brand;I would try Brand 4; 0; 5; 0; 5;What I thought the experimenter wanted me to say;Demand Compliant;yes;5=I slightly resisted your attempts to influence how I felt;yes;5=I moderately believed it;-0,0036028204;Learning_Consistent_First;-0,0036028204;-0,0036028204
110;37;M;Explicits First;Fail;EX;Outcome_1_Target_1_Good_Outcome_2_Target_2_Bad; 0; 0; 0; 0; 0; 0; 0; 0; 0; 0; 0; 0; 0; 0; 0; 0; 0,00; 0,00; 0,00; 0,00;  0,00;  0,00; 0,00; 0,00;I would try Brands 1 and 3;I would try Brands 2 and 4; 0; 0; 0; 0;I don't know why I evaluated the items as I did;Not Demand Compliant;no;NA;no;NA; 0,3983377526;Learning_Inconsistent_First;-0,3983377526;-0,3983377526
113;25;F;Explicits First;Pass;AQ;Outcome_1_Target_1_Bad_Outcome_2_Target_2_Good;-3;-3;-3;-3;-3;-3;-4;-3; 4; 3; 4; 4; 3; 3; 3; 3;-3,00; 3,75;-3,25; 3,00; -6,75; -6,25; 6,75; 6,25;I would try Brand 3;I would try Brand 4; 4; 4; 4; 4;What I learned during the experiment;Not Demand Compliant;yes;7;yes;7; 0,2033765238;Learning_Consistent_First; 0,2033765238;-0,2033765238
114;28;F;Explicits First;Pass;AQ;Outcome_1_Target_1_Bad_Outcome_2_Target_2_Good; 0; 0; 0; 0; 0; 0; 0; 0; 1; 1; 1; 1; 0; 0; 0; 0; 0,00; 1,00; 0,00; 0,00; -1,00;  0,00; 1,00; 0,00;I would try Brands 1 and 3;I would try Brands 2 and 4; 5; 5; 5; 5;What I learned during the experiment;Not Demand Compliant;yes;5=I slightly resisted your attempts to influence how I felt;no;NA; 0,1098248229;Learning_Inconsistent_First;-0,1098248229; 0,1098248229
115;38;F;Implicits First;Pass;AQ;Outcome_1_Target_1_Bad_Outcome_2_Target_2_Good; 0; 0; 0; 0; 0; 0; 0; 0; 0; 0; 0; 0; 0; 0; 0; 0; 0,00; 0,00; 0,00; 0,00;  0,00;  0,00; 0,00; 0,00;I would try Brands 1 and 3;I would try Brands 2 and 4; 3; 3; 3; 3;What I learned during the experiment;Not Demand Compliant;no;NA;no;NA; 0,3302164643;Learning_Consistent_First; 0,3302164643;-0,3302164643
118;21;M;Explicits First;Pass;AQ;Outcome_1_Target_1_Bad_Outcome_2_Target_2_Good;-3;-3;-3;-2;-3;-3;-3;-3; 4; 4; 3; 4; 3; 3; 3; 3;-2,75; 3,75;-3,00; 3,00; -6,50; -6,00; 6,50; 6,00;I would try Brand 3;I would try Brand 4; 3; 3; 3; 3;What I learned during the experiment;Not Demand Compliant;yes;3;no;NA; 0,6912665005;Learning_Inconsistent_First;-0,6912665005; 0,6912665005
119;32;F;Implicits First;Fail;AQ;Outcome_1_Target_1_Bad_Outcome_2_Target_2_Good; 1; 2; 3; 1; 2; 0; 2; 0; 2; 2; 2; 3; 2; 3; 2; 2; 1,75; 2,25; 1,00; 2,25; -0,50; -1,25; 0,50; 1,25;I would try Brand 3;I would try Brand 4; 0; 0;-1; 0;What I learned during the experiment;Not Demand Compliant;yes;3;no;NA;-0,2488993227;Learning_Consistent_First;-0,2488993227; 0,2488993227
122;37;F;Explicits First;Pass;EX;Outcome_1_Target_1_Bad_Outcome_2_Target_2_Good; 0; 0; 0; 0; 0; 0; 0; 0; 0; 0; 0; 0; 0; 0; 0; 0; 0,00; 0,00; 0,00; 0,00;  0,00;  0,00; 0,00; 0,00;I would try Brands 1 and 3;I would try Brand 4; 2; 0; 2; 2;I don't know why I evaluated the items as I did;Not Demand Compliant;no;NA;yes;8; 0,5609573224;Learning_Inconsistent_First;-0,5609573224; 0,5609573224
123;21;F;Implicits First;Pass;EX;Outcome_1_Target_1_Bad_Outcome_2_Target_2_Good; 2;-2;-2;-2; 0; 0; 0; 1; 2; 2; 2; 2; 1; 1; 1; 1;-1,00; 2,00; 0,25; 1,00; -3,00; -0,75; 3,00; 0,75;I would try Brands 1 and 3;I would try Brand 2; 0;-1; 1; 1;What I learned during the experiment;Not Demand Compliant;yes;5=I slightly resisted your attempts to influence how I felt;yes;2; 0,4717223223;Learning_Consistent_First; 0,4717223223;-0,4717223223
124;33;M;Implicits First;Pass;EX;Outcome_1_Target_1_Bad_Outcome_2_Target_2_Good; 0; 0; 0; 0; 0; 0; 0; 0; 0; 0; 0; 0; 0; 0; 0; 0; 0,00; 0,00; 0,00; 0,00;  0,00;  0,00; 0,00; 0,00;I would try Brand 3;I would try Brand 4; 0; 0; 0; 0;What I learned during the experiment;Not Demand Compliant;no;NA;no;NA; 0,6693570885;Learning_Inconsistent_First;-0,6693570885; 0,6693570885
125;35;F;Explicits First;Pass;EX;Outcome_1_Target_1_Bad_Outcome_2_Target_2_Good; 1; 0; 1; 1; 1; 1; 1; 1;-1;-1;-1;-1; 0;-1;-1; 0; 0,75;-1,00; 1,00;-0,50;  1,75;  1,50;-1,75;-1,50;I would try Brand 3;I would try Brand 2;-3;-1;-2;-2;What I learned during the experiment;Not Demand Compliant;yes;2;no;NA; 0,5342024367;Learning_Consistent_First; 0,5342024367;-0,5342024367
128;29;F;Implicits First;Pass;EX;Outcome_1_Target_1_Bad_Outcome_2_Target_2_Good;-5;-5;-5;-5;-5;-5; 5;-5; 5; 5; 5; 5; 5; 5; 5; 5;-5,00; 5,00;-2,50; 5,00;-10,00; -7,50;10,00; 7,50;I would try Brand 3;I would try Brand 4; 3; 3; 4; 3;What I learned during the experiment;Not Demand Compliant;yes;1=I did not resist your attempts to influence how I felt at all;yes;9=I very strongly believed it; 0,2651594917;Learning_Inconsistent_First;-0,2651594917; 0,2651594917
129;21;M;Explicits First;Pass;AQ;Outcome_1_Target_1_Good_Outcome_2_Target_2_Bad; 3; 3; 3; 3; 0; 0; 0; 0;-3;-3;-3;-3;-1;-1;-1;-1; 3,00;-3,00; 0,00;-1,00;  6,00;  1,00; 6,00; 1,00;I would try Brand 1;I would try Brands 2 and 4; 5; 5; 5; 5;What I learned during the experiment;Not Demand Compliant;yes;5=I slightly resisted your attempts to influence how I felt;no;NA; 0,7585318110;Learning_Consistent_First; 0,7585318110; 0,7585318110
131;20;F;Implicits First;Fail;AQ;Outcome_1_Target_1_Good_Outcome_2_Target_2_Bad; 4; 4; 2; 2; 4; 4; 5; 4;-2;-2;-2;-2;-5;-5;-5;-5; 3,00;-2,00; 4,25;-5,00;  5,00;  9,25; 5,00; 9,25;I would try Brands 1 and 3;I would try Brand 2; 5; 5; 5; 5;What I learned during the experiment;Not Demand Compliant;yes;5=I slightly resisted your attempts to influence how I felt;no;NA; 0,6753507636;Learning_Consistent_First; 0,6753507636; 0,6753507636
132;24;M;Implicits First;Pass;AQ;Outcome_1_Target_1_Good_Outcome_2_Target_2_Bad; 5; 5; 5; 5; 4; 5; 0; 4; 2; 4; 3; 2; 4; 5; 0; 0; 5,00; 2,75; 3,25; 2,25;  2,25;  1,00; 2,25; 1,00;I would try Brand 1;I would try Brands 2 and 4; 5; 3; 3; 3;What I thought the experimenter wanted me to say;Demand Compliant;no;NA;yes;7; 0,4751684645;Learning_Inconsistent_First;-0,4751684645;-0,4751684645
133;35;F;Explicits First;Pass;AQ;Outcome_1_Target_1_Good_Outcome_2_Target_2_Bad; 0; 0; 0; 0; 4; 3; 4; 4; 0; 0; 1; 0; 3; 0; 1; 2; 0,00; 0,25; 3,75; 1,50; -0,25;  2,25;-0,25; 2,25;I would try Brand 1;I would try Brand 2; 0; 4; 0; 2;What I learned during the experiment;Not Demand Compliant;no;NA;yes;5=I moderately believed it; 0,1633522417;Learning_Consistent_First; 0,1633522417; 0,1633522417
137;20;M;Explicits First;Pass;EX;Outcome_1_Target_1_Good_Outcome_2_Target_2_Bad; 0; 0; 0; 0; 1; 1; 1; 1; 0; 0; 0; 0; 0; 0; 0; 0; 0,00; 0,00; 1,00; 0,00;  0,00;  1,00; 0,00; 1,00;I would try Brands 1 and 3;I would try Brands 2 and 4; 0; 3; 0; 1;What I learned during the experiment;Not Demand Compliant;yes;4;no;NA; 0,5356707720;Learning_Consistent_First; 0,5356707720; 0,5356707720
140;39;M;Implicits First;Pass;EX;Outcome_1_Target_1_Good_Outcome_2_Target_2_Bad; 0; 0; 0; 0; 0; 0; 0; 0; 0; 0; 0; 0; 0; 0; 0; 0; 0,00; 0,00; 0,00; 0,00;  0,00;  0,00; 0,00; 0,00;I would try Brands 1 and 3;I would try Brands 2 and 4; 5; 5; 5; 5;I based my ratings on some some factor that was not what I learned or what the experimenter wanted me to do;Not Demand Compliant;yes;5=I slightly resisted your attempts to influence how I felt;no;NA; 0,3047685351;Learning_Inconsistent_First;-0,3047685351;-0,3047685351
141;23;M;Explicits First;Pass;EX;Outcome_1_Target_1_Good_Outcome_2_Target_2_Bad;-3;-5;-5;-5; 2; 2; 0; 1; 2; 2; 1; 1; 0; 0; 0; 0;-4,50; 1,50; 1,25; 0,00; -6,00;  1,25;-6,00; 1,25;I would try Brand 3;I would try Brand 2; 1; 1; 1; 1;What I learned during the experiment;Not Demand Compliant;yes;1=I did not resist your attempts to influence how I felt at all;no;NA; 0,8113861147;Learning_Consistent_First; 0,8113861147; 0,8113861147
143;27;M;Implicits First;Pass;EX;Outcome_1_Target_1_Good_Outcome_2_Target_2_Bad;-1;-1;-1;-1; 1; 1; 1; 1; 2; 1; 1; 1; 0; 0; 0; 0;-1,00; 1,25; 1,00; 0,00; -2,25;  1,00;-2,25; 1,00;I would try Brands 1 and 3;I would try Brands 2 and 4; 1; 1; 1; 1;What I learned during the experiment;Not Demand Compliant;yes;3;no;NA; 0,2899349429;Learning_Consistent_First; 0,2899349429; 0,2899349429
144;23;F;Implicits First;Pass;EX;Outcome_1_Target_1_Good_Outcome_2_Target_2_Bad; 3; 1; 3; 2;-2;-2;-1;-1;-1;-2;-2;-2;-2;-2;-2;-2; 2,25;-1,75;-1,50;-2,00;  4,00;  0,50; 4,00; 0,50;I would try Brand 1;I would try Brand 2; 3; 3; 3; 3;I don't know why I evaluated the items as I did;Not Demand Compliant;yes;5=I slightly resisted your attempts to influence how I felt;no;NA; 0,0009939658;Learning_Inconsistent_First;-0,0009939658;-0,0009939658
145;32;M;Explicits First;Pass;AQ;Outcome_1_Target_1_Bad_Outcome_2_Target_2_Good;-5;-5;-5;-5;-4;-4;-5;-5; 3; 2; 3; 3; 2; 2; 2; 2;-5,00; 2,75;-4,50; 2,00; -7,75; -6,50; 7,75; 6,50;I would try Brand 3;I would try Brand 4; 5; 5; 3; 3;What I learned during the experiment;Not Demand Compliant;yes;1=I did not resist your attempts to influence how I felt at all;yes;5=I moderately believed it;-0,8378517670;Learning_Consistent_First;-0,8378517670; 0,8378517670
146;22;F;Explicits First;Pass;AQ;Outcome_1_Target_1_Bad_Outcome_2_Target_2_Good; 0; 0; 0; 0; 0; 0; 0; 0; 0; 0; 0; 0; 0; 0; 0; 0; 0,00; 0,00; 0,00; 0,00;  0,00;  0,00; 0,00; 0,00;I would try neither Brand;I would try neither Brand;-5;-5;-5;-5;I based my ratings on some some factor that was not what I learned or what the experimenter wanted me to do;Not Demand Compliant;no;NA;no;NA; 0,1395921909;Learning_Inconsistent_First;-0,1395921909; 0,1395921909
147;23;F;Implicits First;Pass;AQ;Outcome_1_Target_1_Bad_Outcome_2_Target_2_Good; 5; 5; 5; 5; 0; 0; 0; 0; 0; 0; 0; 0; 0; 0; 0; 0; 5,00; 0,00; 0,00; 0,00;  5,00;  0,00;-5,00; 0,00;I would try neither Brand;I would try neither Brand; 5; 5; 4; 5;I based my ratings on some some factor that was not what I learned or what the experimenter wanted me to do;Not Demand Compliant;yes;1=I did not resist your attempts to influence how I felt at all;no;NA; 0,3328740059;Learning_Consistent_First; 0,3328740059;-0,3328740059
148;28;F;Implicits First;Pass;AQ;Outcome_1_Target_1_Bad_Outcome_2_Target_2_Good;-3;-3;-3;-3;-4;-4;-4;-4; 3; 3; 3; 3; 4; 4; 4; 4;-3,00; 3,00;-4,00; 4,00; -6,00; -8,00; 6,00; 8,00;I would try Brand 3;I would try Brand 4; 1; 2; 1; 2;What I learned during the experiment;Not Demand Compliant;yes;1=I did not resist your attempts to influence how I felt at all;no;NA; 0,5434982864;Learning_Inconsistent_First;-0,5434982864; 0,5434982864
149;26;F;Explicits First;Pass;AQ;Outcome_1_Target_1_Bad_Outcome_2_Target_2_Good; 0; 0; 0; 0; 0; 0; 0; 0; 0; 0; 0; 0; 0; 0; 0; 0; 0,00; 0,00; 0,00; 0,00;  0,00;  0,00; 0,00; 0,00;I would try neither Brand;I would try neither Brand; 2; 2; 2; 2;I don't know why I evaluated the items as I did;Not Demand Compliant;yes;5=I slightly resisted your attempts to influence how I felt;no;NA;-0,2426239872;Learning_Consistent_First;-0,2426239872; 0,2426239872
150;28;F;Explicits First;Pass;AQ;Outcome_1_Target_1_Bad_Outcome_2_Target_2_Good;-5;-5;-5;-5; 0; 0; 0; 0; 5; 5; 5; 5; 0; 0; 0; 0;-5,00; 5,00; 0,00; 0,00;-10,00;  0,00;10,00; 0,00;I would try Brand 3;I don't know; 5; 5; 5; 5;What I learned during the experiment;Not Demand Compliant;yes;1=I did not resist your attempts to influence how I felt at all;yes;9=I very strongly believed it; 0,1018112704;Learning_Inconsistent_First;-0,1018112704; 0,1018112704
151;37;F;Implicits First;Pass;AQ;Outcome_1_Target_1_Bad_Outcome_2_Target_2_Good; 0; 0; 0; 0; 0; 0; 0; 0; 0; 0; 0; 0; 0; 0; 0; 0; 0,00; 0,00; 0,00; 0,00;  0,00;  0,00; 0,00; 0,00;I don't know;I don't know; 0; 0; 0; 0;I don't know why I evaluated the items as I did;Not Demand Compliant;no;NA;yes;6;-0,0687912796;Learning_Consistent_First;-0,0687912796; 0,0687912796
152;20;F;Implicits First;Pass;AQ;Outcome_1_Target_1_Bad_Outcome_2_Target_2_Good; 2; 3; 3; 2;-3;-2;-3;-3;-2;-2;-3;-3; 3; 3; 3; 2; 2,50;-2,50;-2,75; 2,75;  5,00; -5,50;-5,00; 5,50;I would try Brand 1;I would try Brand 4; 4; 4; 4; 4;What I learned during the experiment;Not Demand Compliant;yes;1=I did not resist your attempts to influence how I felt at all;yes;6; 0,2292045289;Learning_Inconsistent_First;-0,2292045289; 0,2292045289
153;25;M;Explicits First;Pass;EX;Outcome_1_Target_1_Bad_Outcome_2_Target_2_Good;-4;-3;-4;-3;-2;-5;-4;-4; 5; 4; 3; 4; 4; 5; 3; 3;-3,50; 4,00;-3,75; 3,75; -7,50; -7,50; 7,50; 7,50;I would try Brand 3;I would try Brand 4; 5; 5; 5; 5;What I learned during the experiment;Not Demand Compliant;no;NA;yes;5=I moderately believed it;-0,4992232924;Learning_Consistent_First;-0,4992232924; 0,4992232924
157;35;M;Explicits First;Pass;EX;Outcome_1_Target_1_Bad_Outcome_2_Target_2_Good; 0; 0; 0; 0; 0; 0; 0; 0; 0; 0; 0; 0; 0; 0; 0; 0; 0,00; 0,00; 0,00; 0,00;  0,00;  0,00; 0,00; 0,00;I would try Brand 3;I would try Brand 2; 1; 1; 1; 0;I based my ratings on some some factor that was not what I learned or what the experimenter wanted me to do;Not Demand Compliant;no;NA;no;NA; 0,3698826959;Learning_Consistent_First; 0,3698826959;-0,3698826959
159;25;F;Implicits First;Pass;EX;Outcome_1_Target_1_Bad_Outcome_2_Target_2_Good; 3; 3; 3; 3; 3; 3; 3; 3;-5;-5;-5;-5; 5; 5; 5; 5; 3,00;-5,00; 3,00; 5,00;  8,00; -2,00;-8,00; 2,00;I would try Brand 1;I would try Brand 4; 5; 3; 5; 5;What I learned during the experiment;Not Demand Compliant;yes;5=I slightly resisted your attempts to influence how I felt;yes;9=I very strongly believed it; 0,0325642164;Learning_Consistent_First; 0,0325642164;-0,0325642164
161;37;M;Explicits First;Pass;AQ;Outcome_1_Target_1_Good_Outcome_2_Target_2_Bad; 2; 2; 2; 2; 2; 2; 2; 2;-2;-2;-2;-2;-2;-2;-2;-2; 2,00;-2,00; 2,00;-2,00;  4,00;  4,00; 4,00; 4,00;I would try Brand 1;I would try Brand 2; 2; 2; 2; 2;What I learned during the experiment;Not Demand Compliant;yes;1=I did not resist your attempts to influence how I felt at all;no;NA; 1,1240017041;Learning_Consistent_First; 1,1240017041; 1,1240017041
162;26;F;Explicits First;Pass;AQ;Outcome_1_Target_1_Good_Outcome_2_Target_2_Bad; 0; 2; 0; 0; 0; 0; 0; 0; 3; 3; 3; 2; 0; 1; 0; 0; 0,50; 2,75; 0,00; 0,25; -2,25; -0,25;-2,25;-0,25;I would try Brand 3;I would try Brand 4; 0; 1;-1; 0;What I learned during the experiment;Not Demand Compliant;yes;5=I slightly resisted your attempts to influence how I felt;yes;4; 0,1154135610;Learning_Inconsistent_First;-0,1154135610;-0,1154135610
163;24;M;Implicits First;Pass;AQ;Outcome_1_Target_1_Good_Outcome_2_Target_2_Bad; 5; 5; 5; 5; 0; 0; 0; 0;-5;-5;-5;-5; 2; 1; 1; 2; 5,00;-5,00; 0,00; 1,50; 10,00; -1,50;10,00;-1,50;I would try Brand 1;I would try neither Brand; 5; 0; 5; 0;What I learned during the experiment;Not Demand Compliant;yes;1=I did not resist your attempts to influence how I felt at all;no;NA;-0,0415658874;Learning_Consistent_First;-0,0415658874;-0,0415658874
164;21;F;Implicits First;Pass;AQ;Outcome_1_Target_1_Good_Outcome_2_Target_2_Bad; 2; 3; 3; 4; 4; 4; 3; 4; 2; 2; 3; 1; 4; 3; 3; 2; 3,00; 2,00; 3,75; 3,00;  1,00;  0,75; 1,00; 0,75;I would try Brands 1 and 3;I would try Brands 2 and 4; 4; 4; 4; 4;I based my ratings on some some factor that was not what I learned or what the experimenter wanted me to do;Not Demand Compliant;yes;6;no;NA; 0,5570856566;Learning_Inconsistent_First;-0,5570856566;-0,5570856566
167;24;M;Implicits First;Pass;AQ;Outcome_1_Target_1_Good_Outcome_2_Target_2_Bad; 0; 0; 0; 0; 0; 0; 0; 0; 0; 0; 0; 0; 0; 0; 0; 0; 0,00; 0,00; 0,00; 0,00;  0,00;  0,00; 0,00; 0,00;I don't know;I don't know; 0; 0; 0; 0;I based my ratings on some some factor that was not what I learned or what the experimenter wanted me to do;Not Demand Compliant;yes;8;yes;6; 0,8847381563;Learning_Consistent_First; 0,8847381563; 0,8847381563
168;18;F;Implicits First;Pass;AQ;Outcome_1_Target_1_Good_Outcome_2_Target_2_Bad; 0; 0; 0; 0; 0; 0; 0; 0;-2;-3;-3;-3; 0; 0; 0; 0; 0,00;-2,75; 0,00; 0,00;  2,75;  0,00; 2,75; 0,00;I would try neither Brand;I would try neither Brand; 0; 2; 2; 2;What I learned during the experiment;Not Demand Compliant;yes;3;no;NA;-0,1674392919;Learning_Inconsistent_First; 0,1674392919; 0,1674392919
170;39;F;Explicits First;Pass;EX;Outcome_1_Target_1_Good_Outcome_2_Target_2_Bad; 3; 3; 3; 3; 0; 0; 0; 0;-3;-3;-3;-3; 0; 0; 0; 0; 3,00;-3,00; 0,00; 0,00;  6,00;  0,00; 6,00; 0,00;I would try Brands 1 and 3;I would try Brand 4; 5; 5; 5; 5;I based my ratings on some some factor that was not what I learned or what the experimenter wanted me to do;Not Demand Compliant;yes;7;no;NA;-0,2784458842;Learning_Inconsistent_First; 0,2784458842; 0,2784458842
172;26;M;Implicits First;Pass;EX;Outcome_1_Target_1_Good_Outcome_2_Target_2_Bad; 0; 0; 1; 0; 2; 2; 2; 2; 0; 0; 0; 0;-2;-1;-1;-1; 0,25; 0,00; 2,00;-1,25;  0,25;  3,25; 0,25; 3,25;I would try Brand 1;I would try Brands 2 and 4; 1; 2; 1; 2;I based my ratings on some some factor that was not what I learned or what the experimenter wanted me to do;Not Demand Compliant;yes;4;no;NA; 0,0473685219;Learning_Inconsistent_First;-0,0473685219;-0,0473685219
173;22;M;Explicits First;Pass;EX;Outcome_1_Target_1_Good_Outcome_2_Target_2_Bad; 0; 0; 0; 0; 0; 0; 0; 0; 0; 0; 0; 0; 0; 0; 0; 0; 0,00; 0,00; 0,00; 0,00;  0,00;  0,00; 0,00; 0,00;I would try neither Brand;I would try Brands 2 and 4; 4; 4; 4; 4;I based my ratings on some some factor that was not what I learned or what the experimenter wanted me to do;Not Demand Compliant;yes;7;no;NA; 0,3684035228;Learning_Consistent_First; 0,3684035228; 0,3684035228
174;29;No Gender Info Provided;Explicits First;Pass;EX;Outcome_1_Target_1_Good_Outcome_2_Target_2_Bad; 5; 4; 5; 5; 4; 5; 4; 5;-5;-5;-5;-5;-5;-4;-5;-4; 4,75;-5,00; 4,50;-4,50;  9,75;  9,00; 9,75; 9,00;I would try Brand 1;I would try Brand 4; 4; 5; 5; 5;What I learned during the experiment;Not Demand Compliant;yes;2;no;NA;-0,4621205229;Learning_Inconsistent_First; 0,4621205229; 0,4621205229
175;28;F;Implicits First;Pass;EX;Outcome_1_Target_1_Good_Outcome_2_Target_2_Bad; 4; 4; 4; 4; 4; 4; 4; 4;-4;-4;-4;-4;-4;-4;-4;-3; 4,00;-4,00; 4,00;-3,75;  8,00;  7,75; 8,00; 7,75;I would try Brand 1;I would try Brand 2; 4; 5; 4; 5;What I learned during the experiment;Not Demand Compliant;yes;2;yes;9=I very strongly believed it; 0,2422882753;Learning_Consistent_First; 0,2422882753; 0,2422882753
177;23;M;Explicits First;Pass;AQ;Outcome_1_Target_1_Bad_Outcome_2_Target_2_Good;-1;-1;-1;-1; 0; 0; 0; 0; 1; 1; 1; 1; 1; 1; 1; 1;-1,00; 1,00; 0,00; 1,00; -2,00; -1,00; 2,00; 1,00;I would try Brand 3;I would try Brand 4; 0; 2; 0; 3;What I learned during the experiment;Not Demand Compliant;yes;5=I slightly resisted your attempts to influence how I felt;yes;7;-0,3182710551;Learning_Consistent_First;-0,3182710551; 0,3182710551
179;39;F;Implicits First;Pass;AQ;Outcome_1_Target_1_Bad_Outcome_2_Target_2_Good;-1;-1;-1;-1;-1;-1;-1;-1;-1;-1; 1; 1; 1; 1; 1; 1;-1,00; 0,00;-1,00; 1,00; -1,00; -2,00; 1,00; 2,00;I would try Brand 3;I would try Brand 4; 1; 1; 1; 1;I don't know why I evaluated the items as I did;Not Demand Compliant;yes;1=I did not resist your attempts to influence how I felt at all;yes;5=I moderately believed it; 0,4460021822;Learning_Consistent_First; 0,4460021822;-0,4460021822
184;24;F;Implicits First;Pass;AQ;Outcome_1_Target_1_Bad_Outcome_2_Target_2_Good;-2;-2;-2;-2; 0; 0; 0; 0; 2; 2; 2; 2; 2; 2; 2; 2;-2,00; 2,00; 0,00; 2,00; -4,00; -2,00; 4,00; 2,00;I would try Brand 3;I would try Brands 2 and 4; 2; 5; 2; 0;What I learned during the experiment;Not Demand Compliant;yes;3;no;NA; 0,5818412961;Learning_Inconsistent_First;-0,5818412961; 0,5818412961
