subject;training_condition;training_performance;stimulus_identity
  2;Acquisition_Only;Pass;Outcome_1_Target_1_Good_Outcome_2_Target_2_Bad
  2;Extinction;Fail;Outcome_1_Target_1_Good_Outcome_2_Target_2_Bad
  3;Acquisition_Only;Pass;Outcome_1_Target_1_Good_Outcome_2_Target_2_Bad
  3;Extinction;Pass;Outcome_1_Target_1_Good_Outcome_2_Target_2_Bad
  4;Acquisition_Only;Pass;Outcome_1_Target_1_Good_Outcome_2_Target_2_Bad
  4;Counterconditioning;Pass;Outcome_1_Target_1_Good_Outcome_2_Target_2_Bad
  4;Extinction;Pass;Outcome_1_Target_1_Good_Outcome_2_Target_2_Bad
  5;Counterconditioning;Pass;Outcome_1_Target_1_Bad_Outcome_2_Target_2_Good
  6;Acquisition_Only;Pass;Outcome_1_Target_1_Bad_Outcome_2_Target_2_Good
  6;Counterconditioning;Pass;Outcome_1_Target_1_Bad_Outcome_2_Target_2_Good
  7;Counterconditioning;Pass;Outcome_1_Target_1_Bad_Outcome_2_Target_2_Good
  7;Extinction;Fail;Outcome_1_Target_1_Bad_Outcome_2_Target_2_Good
  8;Acquisition_Only;Pass;Outcome_1_Target_1_Bad_Outcome_2_Target_2_Good
  8;Extinction;Pass;Outcome_1_Target_1_Bad_Outcome_2_Target_2_Good
  9;Acquisition_Only;Fail;Outcome_1_Target_1_Good_Outcome_2_Target_2_Bad
  9;Extinction;Pass;Outcome_1_Target_1_Good_Outcome_2_Target_2_Bad
 10;Acquisition_Only;Pass;Outcome_1_Target_1_Good_Outcome_2_Target_2_Bad
 11;Acquisition_Only;Pass;Outcome_1_Target_1_Good_Outcome_2_Target_2_Bad
 11;Extinction;Pass;Outcome_1_Target_1_Good_Outcome_2_Target_2_Bad
 12;Counterconditioning;Pass;Outcome_1_Target_1_Good_Outcome_2_Target_2_Bad
 12;Extinction;Pass;Outcome_1_Target_1_Good_Outcome_2_Target_2_Bad
 13;Acquisition_Only;Pass;Outcome_1_Target_1_Bad_Outcome_2_Target_2_Good
 14;Acquisition_Only;Pass;Outcome_1_Target_1_Bad_Outcome_2_Target_2_Good
 14;Counterconditioning;Pass;Outcome_1_Target_1_Bad_Outcome_2_Target_2_Good
 15;Acquisition_Only;Pass;Outcome_1_Target_1_Bad_Outcome_2_Target_2_Good
 15;Extinction;Pass;Outcome_1_Target_1_Bad_Outcome_2_Target_2_Good
 16;Counterconditioning;Pass;Outcome_1_Target_1_Bad_Outcome_2_Target_2_Good
 17;Acquisition_Only;Pass;Outcome_1_Target_1_Good_Outcome_2_Target_2_Bad
 17;Extinction;Fail;Outcome_1_Target_1_Good_Outcome_2_Target_2_Bad
 18;Extinction;Pass;Outcome_1_Target_1_Good_Outcome_2_Target_2_Bad
 20;Counterconditioning;Pass;Outcome_1_Target_1_Good_Outcome_2_Target_2_Bad
 20;Extinction;Pass;Outcome_1_Target_1_Good_Outcome_2_Target_2_Bad
 22;Acquisition_Only;Pass;Outcome_1_Target_1_Bad_Outcome_2_Target_2_Good
 22;Extinction;Pass;Outcome_1_Target_1_Bad_Outcome_2_Target_2_Good
 23;Acquisition_Only;Pass;Outcome_1_Target_1_Bad_Outcome_2_Target_2_Good
 23;Counterconditioning;Pass;Outcome_1_Target_1_Bad_Outcome_2_Target_2_Good
 23;Extinction;Fail;Outcome_1_Target_1_Bad_Outcome_2_Target_2_Good
 24;Extinction;Fail;Outcome_1_Target_1_Bad_Outcome_2_Target_2_Good
 25;Acquisition_Only;Pass;Outcome_1_Target_1_Good_Outcome_2_Target_2_Bad
 27;Acquisition_Only;Pass;Outcome_1_Target_1_Good_Outcome_2_Target_2_Bad
 27;Counterconditioning;Pass;Outcome_1_Target_1_Good_Outcome_2_Target_2_Bad
 27;Extinction;Fail;Outcome_1_Target_1_Good_Outcome_2_Target_2_Bad
 28;Acquisition_Only;Fail;Outcome_1_Target_1_Good_Outcome_2_Target_2_Bad
 28;Counterconditioning;Pass;Outcome_1_Target_1_Good_Outcome_2_Target_2_Bad
 29;Extinction;Pass;Outcome_1_Target_1_Bad_Outcome_2_Target_2_Good
 30;Extinction;Pass;Outcome_1_Target_1_Bad_Outcome_2_Target_2_Good
 31;Acquisition_Only;Pass;Outcome_1_Target_1_Bad_Outcome_2_Target_2_Good
 31;Counterconditioning;Pass;Outcome_1_Target_1_Bad_Outcome_2_Target_2_Good
 31;Extinction;Pass;Outcome_1_Target_1_Bad_Outcome_2_Target_2_Good
 32;Counterconditioning;Fail;Outcome_1_Target_1_Bad_Outcome_2_Target_2_Good
 34;Extinction;Pass;Outcome_1_Target_1_Good_Outcome_2_Target_2_Bad
 35;Acquisition_Only;Pass;Outcome_1_Target_1_Good_Outcome_2_Target_2_Bad
 35;Extinction;Pass;Outcome_1_Target_1_Good_Outcome_2_Target_2_Bad
 36;Acquisition_Only;Pass;Outcome_1_Target_1_Good_Outcome_2_Target_2_Bad
 36;Counterconditioning;Pass;Outcome_1_Target_1_Good_Outcome_2_Target_2_Bad
 36;Extinction;Pass;Outcome_1_Target_1_Good_Outcome_2_Target_2_Bad
 38;Extinction;Pass;Outcome_1_Target_1_Bad_Outcome_2_Target_2_Good
 39;Counterconditioning;Pass;Outcome_1_Target_1_Bad_Outcome_2_Target_2_Good
 39;Extinction;Pass;Outcome_1_Target_1_Bad_Outcome_2_Target_2_Good
 40;Extinction;Pass;Outcome_1_Target_1_Bad_Outcome_2_Target_2_Good
 41;Acquisition_Only;Pass;Outcome_1_Target_1_Good_Outcome_2_Target_2_Bad
 41;Counterconditioning;Pass;Outcome_1_Target_1_Good_Outcome_2_Target_2_Bad
 41;Extinction;Fail;Outcome_1_Target_1_Good_Outcome_2_Target_2_Bad
 42;Extinction;Pass;Outcome_1_Target_1_Good_Outcome_2_Target_2_Bad
 43;Counterconditioning;Pass;Outcome_1_Target_1_Good_Outcome_2_Target_2_Bad
 43;Extinction;Pass;Outcome_1_Target_1_Good_Outcome_2_Target_2_Bad
 44;Counterconditioning;Pass;Outcome_1_Target_1_Good_Outcome_2_Target_2_Bad
 44;Extinction;Pass;Outcome_1_Target_1_Good_Outcome_2_Target_2_Bad
 45;Counterconditioning;Pass;Outcome_1_Target_1_Bad_Outcome_2_Target_2_Good
 47;Acquisition_Only;Fail;Outcome_1_Target_1_Bad_Outcome_2_Target_2_Good
 49;Counterconditioning;Pass;Outcome_1_Target_1_Good_Outcome_2_Target_2_Bad
 49;Extinction;Pass;Outcome_1_Target_1_Good_Outcome_2_Target_2_Bad
 50;Extinction;Pass;Outcome_1_Target_1_Good_Outcome_2_Target_2_Bad
 51;Acquisition_Only;Pass;Outcome_1_Target_1_Good_Outcome_2_Target_2_Bad
 51;Counterconditioning;Pass;Outcome_1_Target_1_Good_Outcome_2_Target_2_Bad
 51;Extinction;Pass;Outcome_1_Target_1_Good_Outcome_2_Target_2_Bad
 53;Acquisition_Only;Pass;Outcome_1_Target_1_Bad_Outcome_2_Target_2_Good
 53;Counterconditioning;Pass;Outcome_1_Target_1_Bad_Outcome_2_Target_2_Good
 53;Extinction;Pass;Outcome_1_Target_1_Bad_Outcome_2_Target_2_Good
 55;Acquisition_Only;Pass;Outcome_1_Target_1_Bad_Outcome_2_Target_2_Good
 56;Acquisition_Only;Pass;Outcome_1_Target_1_Bad_Outcome_2_Target_2_Good
 57;Acquisition_Only;Pass;Outcome_1_Target_1_Good_Outcome_2_Target_2_Bad
 57;Extinction;Pass;Outcome_1_Target_1_Good_Outcome_2_Target_2_Bad
 58;Extinction;Fail;Outcome_1_Target_1_Good_Outcome_2_Target_2_Bad
 59;Acquisition_Only;Pass;Outcome_1_Target_1_Good_Outcome_2_Target_2_Bad
 59;Extinction;Pass;Outcome_1_Target_1_Good_Outcome_2_Target_2_Bad
 60;Acquisition_Only;Pass;Outcome_1_Target_1_Good_Outcome_2_Target_2_Bad
 60;Counterconditioning;Pass;Outcome_1_Target_1_Good_Outcome_2_Target_2_Bad
 61;Acquisition_Only;Pass;Outcome_1_Target_1_Bad_Outcome_2_Target_2_Good
 63;Extinction;Pass;Outcome_1_Target_1_Bad_Outcome_2_Target_2_Good
 64;Extinction;Pass;Outcome_1_Target_1_Bad_Outcome_2_Target_2_Good
 65;Extinction;Fail;Outcome_1_Target_1_Good_Outcome_2_Target_2_Bad
 66;Acquisition_Only;Fail;Outcome_1_Target_1_Good_Outcome_2_Target_2_Bad
 66;Counterconditioning;Pass;Outcome_1_Target_1_Good_Outcome_2_Target_2_Bad
 67;Acquisition_Only;Fail;Outcome_1_Target_1_Good_Outcome_2_Target_2_Bad
 67;Extinction;Pass;Outcome_1_Target_1_Good_Outcome_2_Target_2_Bad
 68;Acquisition_Only;Pass;Outcome_1_Target_1_Good_Outcome_2_Target_2_Bad
 68;Extinction;Fail;Outcome_1_Target_1_Good_Outcome_2_Target_2_Bad
 69;Acquisition_Only;Pass;Outcome_1_Target_1_Bad_Outcome_2_Target_2_Good
 69;Extinction;Pass;Outcome_1_Target_1_Bad_Outcome_2_Target_2_Good
 70;Acquisition_Only;Pass;Outcome_1_Target_1_Bad_Outcome_2_Target_2_Good
 71;Acquisition_Only;Pass;Outcome_1_Target_1_Bad_Outcome_2_Target_2_Good
 71;Extinction;Fail;Outcome_1_Target_1_Bad_Outcome_2_Target_2_Good
 73;Acquisition_Only;Pass;Outcome_1_Target_1_Good_Outcome_2_Target_2_Bad
 74;Acquisition_Only;Pass;Outcome_1_Target_1_Good_Outcome_2_Target_2_Bad
 74;Extinction;Pass;Outcome_1_Target_1_Good_Outcome_2_Target_2_Bad
 75;Extinction;Pass;Outcome_1_Target_1_Good_Outcome_2_Target_2_Bad
 76;Acquisition_Only;Pass;Outcome_1_Target_1_Good_Outcome_2_Target_2_Bad
 77;Acquisition_Only;Pass;Outcome_1_Target_1_Bad_Outcome_2_Target_2_Good
 77;Extinction;Pass;Outcome_1_Target_1_Bad_Outcome_2_Target_2_Good
 78;Acquisition_Only;Pass;Outcome_1_Target_1_Bad_Outcome_2_Target_2_Good
 79;Acquisition_Only;Pass;Outcome_1_Target_1_Bad_Outcome_2_Target_2_Good
 80;Acquisition_Only;Pass;Outcome_1_Target_1_Bad_Outcome_2_Target_2_Good
 80;Counterconditioning;Fail;Outcome_1_Target_1_Bad_Outcome_2_Target_2_Good
 81;Acquisition_Only;Fail;Outcome_1_Target_1_Good_Outcome_2_Target_2_Bad
 83;Acquisition_Only;Pass;Outcome_1_Target_1_Good_Outcome_2_Target_2_Bad
 83;Extinction;Pass;Outcome_1_Target_1_Good_Outcome_2_Target_2_Bad
 85;Acquisition_Only;Pass;Outcome_1_Target_1_Bad_Outcome_2_Target_2_Good
 86;Extinction;Pass;Outcome_1_Target_1_Bad_Outcome_2_Target_2_Good
 87;Acquisition_Only;Pass;Outcome_1_Target_1_Bad_Outcome_2_Target_2_Good
 87;Counterconditioning;Pass;Outcome_1_Target_1_Bad_Outcome_2_Target_2_Good
 88;Acquisition_Only;Pass;Outcome_1_Target_1_Bad_Outcome_2_Target_2_Good
 88;Extinction;Pass;Outcome_1_Target_1_Bad_Outcome_2_Target_2_Good
 89;Counterconditioning;Pass;Outcome_1_Target_1_Good_Outcome_2_Target_2_Bad
 89;Extinction;Pass;Outcome_1_Target_1_Good_Outcome_2_Target_2_Bad
 90;Acquisition_Only;Fail;Outcome_1_Target_1_Good_Outcome_2_Target_2_Bad
 91;Extinction;Pass;Outcome_1_Target_1_Good_Outcome_2_Target_2_Bad
 92;Acquisition_Only;Fail;Outcome_1_Target_1_Good_Outcome_2_Target_2_Bad
 92;Extinction;Fail;Outcome_1_Target_1_Good_Outcome_2_Target_2_Bad
 93;Acquisition_Only;Pass;Outcome_1_Target_1_Bad_Outcome_2_Target_2_Good
 94;Acquisition_Only;Pass;Outcome_1_Target_1_Bad_Outcome_2_Target_2_Good
 94;Counterconditioning;Pass;Outcome_1_Target_1_Bad_Outcome_2_Target_2_Good
 94;Extinction;Pass;Outcome_1_Target_1_Bad_Outcome_2_Target_2_Good
 95;Acquisition_Only;Fail;Outcome_1_Target_1_Bad_Outcome_2_Target_2_Good
 95;Extinction;Pass;Outcome_1_Target_1_Bad_Outcome_2_Target_2_Good
 96;Acquisition_Only;Fail;Outcome_1_Target_1_Bad_Outcome_2_Target_2_Good
 96;Counterconditioning;Pass;Outcome_1_Target_1_Bad_Outcome_2_Target_2_Good
 96;Extinction;Pass;Outcome_1_Target_1_Bad_Outcome_2_Target_2_Good
 97;Acquisition_Only;Pass;Outcome_1_Target_1_Good_Outcome_2_Target_2_Bad
 98;Acquisition_Only;Pass;Outcome_1_Target_1_Good_Outcome_2_Target_2_Bad
 99;Acquisition_Only;Pass;Outcome_1_Target_1_Good_Outcome_2_Target_2_Bad
 99;Extinction;Pass;Outcome_1_Target_1_Good_Outcome_2_Target_2_Bad
100;Acquisition_Only;Pass;Outcome_1_Target_1_Good_Outcome_2_Target_2_Bad
100;Extinction;Pass;Outcome_1_Target_1_Good_Outcome_2_Target_2_Bad
101;Extinction;Fail;Outcome_1_Target_1_Bad_Outcome_2_Target_2_Good
102;Acquisition_Only;Pass;Outcome_1_Target_1_Bad_Outcome_2_Target_2_Good
104;Counterconditioning;Pass;Outcome_1_Target_1_Bad_Outcome_2_Target_2_Good
105;Acquisition_Only;Pass;Outcome_1_Target_1_Good_Outcome_2_Target_2_Bad
105;Extinction;Pass;Outcome_1_Target_1_Good_Outcome_2_Target_2_Bad
107;Extinction;Pass;Outcome_1_Target_1_Good_Outcome_2_Target_2_Bad
109;Acquisition_Only;Pass;Outcome_1_Target_1_Bad_Outcome_2_Target_2_Good
111;Acquisition_Only;Pass;Outcome_1_Target_1_Bad_Outcome_2_Target_2_Good
112;Acquisition_Only;Pass;Outcome_1_Target_1_Bad_Outcome_2_Target_2_Good
113;Extinction;Pass;Outcome_1_Target_1_Good_Outcome_2_Target_2_Bad
114;Acquisition_Only;Pass;Outcome_1_Target_1_Good_Outcome_2_Target_2_Bad
115;Counterconditioning;Fail;Outcome_1_Target_1_Good_Outcome_2_Target_2_Bad
115;Extinction;Fail;Outcome_1_Target_1_Good_Outcome_2_Target_2_Bad
117;Extinction;Pass;Outcome_1_Target_1_Bad_Outcome_2_Target_2_Good
118;Extinction;Pass;Outcome_1_Target_1_Bad_Outcome_2_Target_2_Good
119;Extinction;Pass;Outcome_1_Target_1_Bad_Outcome_2_Target_2_Good
120;Acquisition_Only;Pass;Outcome_1_Target_1_Bad_Outcome_2_Target_2_Good
121;Acquisition_Only;Fail;Outcome_1_Target_1_Good_Outcome_2_Target_2_Bad
122;Acquisition_Only;Pass;Outcome_1_Target_1_Good_Outcome_2_Target_2_Bad
122;Counterconditioning;Pass;Outcome_1_Target_1_Good_Outcome_2_Target_2_Bad
122;Extinction;Pass;Outcome_1_Target_1_Good_Outcome_2_Target_2_Bad
123;Acquisition_Only;Pass;Outcome_1_Target_1_Good_Outcome_2_Target_2_Bad
124;Acquisition_Only;Fail;Outcome_1_Target_1_Good_Outcome_2_Target_2_Bad
124;Extinction;Pass;Outcome_1_Target_1_Good_Outcome_2_Target_2_Bad
125;Acquisition_Only;Pass;Outcome_1_Target_1_Bad_Outcome_2_Target_2_Good
125;Extinction;Pass;Outcome_1_Target_1_Bad_Outcome_2_Target_2_Good
126;Acquisition_Only;Pass;Outcome_1_Target_1_Bad_Outcome_2_Target_2_Good
126;Extinction;Pass;Outcome_1_Target_1_Bad_Outcome_2_Target_2_Good
127;Acquisition_Only;Pass;Outcome_1_Target_1_Bad_Outcome_2_Target_2_Good
127;Extinction;Pass;Outcome_1_Target_1_Bad_Outcome_2_Target_2_Good
128;Acquisition_Only;Pass;Outcome_1_Target_1_Bad_Outcome_2_Target_2_Good
128;Extinction;Pass;Outcome_1_Target_1_Bad_Outcome_2_Target_2_Good
129;Acquisition_Only;Pass;Outcome_1_Target_1_Good_Outcome_2_Target_2_Bad
130;Acquisition_Only;Pass;Outcome_1_Target_1_Good_Outcome_2_Target_2_Bad
130;Extinction;Pass;Outcome_1_Target_1_Good_Outcome_2_Target_2_Bad
131;Acquisition_Only;Pass;Outcome_1_Target_1_Good_Outcome_2_Target_2_Bad
131;Extinction;Pass;Outcome_1_Target_1_Good_Outcome_2_Target_2_Bad
132;Acquisition_Only;Pass;Outcome_1_Target_1_Good_Outcome_2_Target_2_Bad
132;Counterconditioning;Pass;Outcome_1_Target_1_Good_Outcome_2_Target_2_Bad
132;Extinction;Fail;Outcome_1_Target_1_Good_Outcome_2_Target_2_Bad
133;Acquisition_Only;Pass;Outcome_1_Target_1_Bad_Outcome_2_Target_2_Good
133;Counterconditioning;Pass;Outcome_1_Target_1_Bad_Outcome_2_Target_2_Good
133;Extinction;Fail;Outcome_1_Target_1_Bad_Outcome_2_Target_2_Good
134;Acquisition_Only;Fail;Outcome_1_Target_1_Bad_Outcome_2_Target_2_Good
134;Counterconditioning;Pass;Outcome_1_Target_1_Bad_Outcome_2_Target_2_Good
134;Extinction;Pass;Outcome_1_Target_1_Bad_Outcome_2_Target_2_Good
135;Acquisition_Only;Pass;Outcome_1_Target_1_Bad_Outcome_2_Target_2_Good
135;Extinction;Pass;Outcome_1_Target_1_Bad_Outcome_2_Target_2_Good
136;Acquisition_Only;Pass;Outcome_1_Target_1_Bad_Outcome_2_Target_2_Good
137;Acquisition_Only;Pass;Outcome_1_Target_1_Good_Outcome_2_Target_2_Bad
137;Counterconditioning;Pass;Outcome_1_Target_1_Good_Outcome_2_Target_2_Bad
137;Extinction;Pass;Outcome_1_Target_1_Good_Outcome_2_Target_2_Bad
138;Acquisition_Only;Pass;Outcome_1_Target_1_Good_Outcome_2_Target_2_Bad
138;Extinction;Pass;Outcome_1_Target_1_Good_Outcome_2_Target_2_Bad
139;Acquisition_Only;Pass;Outcome_1_Target_1_Good_Outcome_2_Target_2_Bad
139;Extinction;Pass;Outcome_1_Target_1_Good_Outcome_2_Target_2_Bad
140;Counterconditioning;Pass;Outcome_1_Target_1_Good_Outcome_2_Target_2_Bad
141;Extinction;Pass;Outcome_1_Target_1_Bad_Outcome_2_Target_2_Good
143;Acquisition_Only;Pass;Outcome_1_Target_1_Bad_Outcome_2_Target_2_Good
143;Counterconditioning;Pass;Outcome_1_Target_1_Bad_Outcome_2_Target_2_Good
143;Extinction;Pass;Outcome_1_Target_1_Bad_Outcome_2_Target_2_Good
144;Acquisition_Only;Pass;Outcome_1_Target_1_Bad_Outcome_2_Target_2_Good
145;Extinction;Pass;Outcome_1_Target_1_Good_Outcome_2_Target_2_Bad
146;Acquisition_Only;Pass;Outcome_1_Target_1_Good_Outcome_2_Target_2_Bad
146;Extinction;Pass;Outcome_1_Target_1_Good_Outcome_2_Target_2_Bad
147;Acquisition_Only;Pass;Outcome_1_Target_1_Good_Outcome_2_Target_2_Bad
147;Extinction;Pass;Outcome_1_Target_1_Good_Outcome_2_Target_2_Bad
148;Counterconditioning;Pass;Outcome_1_Target_1_Good_Outcome_2_Target_2_Bad
149;Acquisition_Only;Pass;Outcome_1_Target_1_Bad_Outcome_2_Target_2_Good
149;Extinction;Pass;Outcome_1_Target_1_Bad_Outcome_2_Target_2_Good
150;Acquisition_Only;Pass;Outcome_1_Target_1_Bad_Outcome_2_Target_2_Good
151;Acquisition_Only;Pass;Outcome_1_Target_1_Bad_Outcome_2_Target_2_Good
151;Counterconditioning;Pass;Outcome_1_Target_1_Bad_Outcome_2_Target_2_Good
152;Acquisition_Only;Fail;Outcome_1_Target_1_Bad_Outcome_2_Target_2_Good
154;Acquisition_Only;Fail;Outcome_1_Target_1_Good_Outcome_2_Target_2_Bad
154;Counterconditioning;Pass;Outcome_1_Target_1_Good_Outcome_2_Target_2_Bad
154;Extinction;Pass;Outcome_1_Target_1_Good_Outcome_2_Target_2_Bad
155;Extinction;Pass;Outcome_1_Target_1_Good_Outcome_2_Target_2_Bad
156;Acquisition_Only;Pass;Outcome_1_Target_1_Good_Outcome_2_Target_2_Bad
156;Extinction;Fail;Outcome_1_Target_1_Good_Outcome_2_Target_2_Bad
157;Acquisition_Only;Pass;Outcome_1_Target_1_Bad_Outcome_2_Target_2_Good
157;Counterconditioning;Pass;Outcome_1_Target_1_Bad_Outcome_2_Target_2_Good
158;Acquisition_Only;Pass;Outcome_1_Target_1_Bad_Outcome_2_Target_2_Good
159;Acquisition_Only;Pass;Outcome_1_Target_1_Bad_Outcome_2_Target_2_Good
160;Counterconditioning;Pass;Outcome_1_Target_1_Bad_Outcome_2_Target_2_Good
162;Acquisition_Only;Fail;Outcome_1_Target_1_Good_Outcome_2_Target_2_Bad
163;Acquisition_Only;Pass;Outcome_1_Target_1_Good_Outcome_2_Target_2_Bad
163;Counterconditioning;Pass;Outcome_1_Target_1_Good_Outcome_2_Target_2_Bad
164;Acquisition_Only;Pass;Outcome_1_Target_1_Good_Outcome_2_Target_2_Bad
164;Extinction;Fail;Outcome_1_Target_1_Good_Outcome_2_Target_2_Bad
165;Acquisition_Only;Pass;Outcome_1_Target_1_Bad_Outcome_2_Target_2_Good
165;Extinction;Pass;Outcome_1_Target_1_Bad_Outcome_2_Target_2_Good
166;Counterconditioning;Pass;Outcome_1_Target_1_Bad_Outcome_2_Target_2_Good
167;Counterconditioning;Pass;Outcome_1_Target_1_Bad_Outcome_2_Target_2_Good
168;Acquisition_Only;Fail;Outcome_1_Target_1_Bad_Outcome_2_Target_2_Good
169;Acquisition_Only;Pass;Outcome_1_Target_1_Good_Outcome_2_Target_2_Bad
169;Counterconditioning;Pass;Outcome_1_Target_1_Good_Outcome_2_Target_2_Bad
169;Extinction;Pass;Outcome_1_Target_1_Good_Outcome_2_Target_2_Bad
170;Counterconditioning;Pass;Outcome_1_Target_1_Good_Outcome_2_Target_2_Bad
171;Acquisition_Only;Pass;Outcome_1_Target_1_Good_Outcome_2_Target_2_Bad
171;Extinction;Pass;Outcome_1_Target_1_Good_Outcome_2_Target_2_Bad
172;Extinction;Pass;Outcome_1_Target_1_Good_Outcome_2_Target_2_Bad
173;Acquisition_Only;Fail;Outcome_1_Target_1_Bad_Outcome_2_Target_2_Good
174;Acquisition_Only;Pass;Outcome_1_Target_1_Bad_Outcome_2_Target_2_Good
174;Extinction;Pass;Outcome_1_Target_1_Bad_Outcome_2_Target_2_Good
177;Acquisition_Only;Pass;Outcome_1_Target_1_Good_Outcome_2_Target_2_Bad
177;Counterconditioning;Fail;Outcome_1_Target_1_Good_Outcome_2_Target_2_Bad
178;Acquisition_Only;Pass;Outcome_1_Target_1_Good_Outcome_2_Target_2_Bad
178;Extinction;Pass;Outcome_1_Target_1_Good_Outcome_2_Target_2_Bad
179;Acquisition_Only;Pass;Outcome_1_Target_1_Good_Outcome_2_Target_2_Bad
179;Extinction;Pass;Outcome_1_Target_1_Good_Outcome_2_Target_2_Bad
180;Counterconditioning;Pass;Outcome_1_Target_1_Good_Outcome_2_Target_2_Bad
180;Extinction;Pass;Outcome_1_Target_1_Good_Outcome_2_Target_2_Bad
181;Acquisition_Only;Pass;Outcome_1_Target_1_Bad_Outcome_2_Target_2_Good
182;Acquisition_Only;Fail;Outcome_1_Target_1_Bad_Outcome_2_Target_2_Good
182;Extinction;Pass;Outcome_1_Target_1_Bad_Outcome_2_Target_2_Good
183;Acquisition_Only;Pass;Outcome_1_Target_1_Bad_Outcome_2_Target_2_Good
183;Extinction;Pass;Outcome_1_Target_1_Bad_Outcome_2_Target_2_Good
184;Acquisition_Only;Pass;Outcome_1_Target_1_Bad_Outcome_2_Target_2_Good
184;Extinction;Pass;Outcome_1_Target_1_Bad_Outcome_2_Target_2_Good
185;Extinction;Pass;Outcome_1_Target_1_Good_Outcome_2_Target_2_Bad
186;Acquisition_Only;Pass;Outcome_1_Target_1_Good_Outcome_2_Target_2_Bad
186;Extinction;Pass;Outcome_1_Target_1_Good_Outcome_2_Target_2_Bad
187;Acquisition_Only;Pass;Outcome_1_Target_1_Good_Outcome_2_Target_2_Bad
187;Extinction;Pass;Outcome_1_Target_1_Good_Outcome_2_Target_2_Bad
188;Acquisition_Only;Pass;Outcome_1_Target_1_Good_Outcome_2_Target_2_Bad
189;Acquisition_Only;Pass;Outcome_1_Target_1_Bad_Outcome_2_Target_2_Good
190;Acquisition_Only;Pass;Outcome_1_Target_1_Bad_Outcome_2_Target_2_Good
191;Counterconditioning;Fail;Outcome_1_Target_1_Bad_Outcome_2_Target_2_Good
191;Extinction;Pass;Outcome_1_Target_1_Bad_Outcome_2_Target_2_Good
192;Acquisition_Only;Fail;Outcome_1_Target_1_Bad_Outcome_2_Target_2_Good
192;Extinction;Pass;Outcome_1_Target_1_Bad_Outcome_2_Target_2_Good
194;Extinction;Pass;Outcome_1_Target_1_Good_Outcome_2_Target_2_Bad
195;Acquisition_Only;Fail;Outcome_1_Target_1_Good_Outcome_2_Target_2_Bad
195;Counterconditioning;Pass;Outcome_1_Target_1_Good_Outcome_2_Target_2_Bad
196;Acquisition_Only;Pass;Outcome_1_Target_1_Good_Outcome_2_Target_2_Bad
196;Counterconditioning;Pass;Outcome_1_Target_1_Good_Outcome_2_Target_2_Bad
197;Acquisition_Only;Pass;Outcome_1_Target_1_Bad_Outcome_2_Target_2_Good
197;Extinction;Pass;Outcome_1_Target_1_Bad_Outcome_2_Target_2_Good
198;Counterconditioning;Pass;Outcome_1_Target_1_Bad_Outcome_2_Target_2_Good
199;Extinction;Pass;Outcome_1_Target_1_Bad_Outcome_2_Target_2_Good
201;Extinction;Fail;Outcome_1_Target_1_Good_Outcome_2_Target_2_Bad
204;Counterconditioning;Pass;Outcome_1_Target_1_Good_Outcome_2_Target_2_Bad
205;Counterconditioning;Pass;Outcome_1_Target_1_Bad_Outcome_2_Target_2_Good
205;Extinction;Fail;Outcome_1_Target_1_Bad_Outcome_2_Target_2_Good
206;Extinction;Pass;Outcome_1_Target_1_Bad_Outcome_2_Target_2_Good
207;Extinction;Pass;Outcome_1_Target_1_Bad_Outcome_2_Target_2_Good
208;Counterconditioning;Pass;Outcome_1_Target_1_Bad_Outcome_2_Target_2_Good
208;Extinction;Pass;Outcome_1_Target_1_Bad_Outcome_2_Target_2_Good
211;Extinction;Fail;Outcome_1_Target_1_Good_Outcome_2_Target_2_Bad
213;Extinction;Pass;Outcome_1_Target_1_Bad_Outcome_2_Target_2_Good
214;Extinction;Fail;Outcome_1_Target_1_Bad_Outcome_2_Target_2_Good
215;Extinction;Pass;Outcome_1_Target_1_Bad_Outcome_2_Target_2_Good
217;Extinction;Pass;Outcome_1_Target_1_Good_Outcome_2_Target_2_Bad
218;Extinction;Pass;Outcome_1_Target_1_Good_Outcome_2_Target_2_Bad
219;Extinction;Fail;Outcome_1_Target_1_Good_Outcome_2_Target_2_Bad
220;Extinction;Pass;Outcome_1_Target_1_Good_Outcome_2_Target_2_Bad
223;Extinction;Pass;Outcome_1_Target_1_Bad_Outcome_2_Target_2_Good
231;Counterconditioning;Pass;Outcome_1_Target_1_Bad_Outcome_2_Target_2_Good
237;Counterconditioning;Fail;Outcome_1_Target_1_Bad_Outcome_2_Target_2_Good
238;Counterconditioning;Pass;Outcome_1_Target_1_Bad_Outcome_2_Target_2_Good
239;Counterconditioning;Pass;Outcome_1_Target_1_Bad_Outcome_2_Target_2_Good
246;Counterconditioning;Fail;Outcome_1_Target_1_Bad_Outcome_2_Target_2_Good
248;Counterconditioning;Pass;Outcome_1_Target_1_Bad_Outcome_2_Target_2_Good
250;Counterconditioning;Pass;Outcome_1_Target_1_Good_Outcome_2_Target_2_Bad
254;Counterconditioning;Pass;Outcome_1_Target_1_Bad_Outcome_2_Target_2_Good
256;Counterconditioning;Pass;Outcome_1_Target_1_Bad_Outcome_2_Target_2_Good
261;Counterconditioning;Pass;Outcome_1_Target_1_Bad_Outcome_2_Target_2_Good
264;Counterconditioning;Pass;Outcome_1_Target_1_Bad_Outcome_2_Target_2_Good
270;Counterconditioning;Fail;Outcome_1_Target_1_Bad_Outcome_2_Target_2_Good
271;Counterconditioning;Pass;Outcome_1_Target_1_Bad_Outcome_2_Target_2_Good
280;Counterconditioning;Pass;Outcome_1_Target_1_Bad_Outcome_2_Target_2_Good
282;Counterconditioning;Pass;Outcome_1_Target_1_Good_Outcome_2_Target_2_Bad
283;Counterconditioning;Pass;Outcome_1_Target_1_Good_Outcome_2_Target_2_Bad
285;Counterconditioning;Pass;Outcome_1_Target_1_Bad_Outcome_2_Target_2_Good
290;Counterconditioning;Pass;Outcome_1_Target_1_Good_Outcome_2_Target_2_Bad
291;Counterconditioning;Pass;Outcome_1_Target_1_Good_Outcome_2_Target_2_Bad
295;Counterconditioning;Pass;Outcome_1_Target_1_Bad_Outcome_2_Target_2_Good
311;Counterconditioning;Pass;Outcome_1_Target_1_Bad_Outcome_2_Target_2_Good
314;Counterconditioning;Pass;Outcome_1_Target_1_Good_Outcome_2_Target_2_Bad
316;Counterconditioning;Pass;Outcome_1_Target_1_Good_Outcome_2_Target_2_Bad
321;Counterconditioning;Pass;Outcome_1_Target_1_Good_Outcome_2_Target_2_Bad
326;Counterconditioning;Pass;Outcome_1_Target_1_Bad_Outcome_2_Target_2_Good
331;Counterconditioning;Fail;Outcome_1_Target_1_Good_Outcome_2_Target_2_Bad
332;Counterconditioning;Pass;Outcome_1_Target_1_Good_Outcome_2_Target_2_Bad
337;Counterconditioning;Pass;Outcome_1_Target_1_Good_Outcome_2_Target_2_Bad
339;Counterconditioning;Pass;Outcome_1_Target_1_Good_Outcome_2_Target_2_Bad
342;Counterconditioning;Pass;Outcome_1_Target_1_Bad_Outcome_2_Target_2_Good
344;Counterconditioning;Pass;Outcome_1_Target_1_Bad_Outcome_2_Target_2_Good
345;Counterconditioning;Pass;Outcome_1_Target_1_Good_Outcome_2_Target_2_Bad
349;Counterconditioning;Pass;Outcome_1_Target_1_Bad_Outcome_2_Target_2_Good
355;Counterconditioning;Pass;Outcome_1_Target_1_Good_Outcome_2_Target_2_Bad
361;Counterconditioning;Pass;Outcome_1_Target_1_Good_Outcome_2_Target_2_Bad
363;Counterconditioning;Pass;Outcome_1_Target_1_Good_Outcome_2_Target_2_Bad
364;Counterconditioning;Pass;Outcome_1_Target_1_Good_Outcome_2_Target_2_Bad
365;Counterconditioning;Pass;Outcome_1_Target_1_Bad_Outcome_2_Target_2_Good
368;Counterconditioning;Pass;Outcome_1_Target_1_Bad_Outcome_2_Target_2_Good
371;Counterconditioning;Pass;Outcome_1_Target_1_Good_Outcome_2_Target_2_Bad
373;Counterconditioning;Pass;Outcome_1_Target_1_Bad_Outcome_2_Target_2_Good
377;Counterconditioning;Pass;Outcome_1_Target_1_Good_Outcome_2_Target_2_Bad
380;Counterconditioning;Fail;Outcome_1_Target_1_Good_Outcome_2_Target_2_Bad
386;Counterconditioning;Pass;Outcome_1_Target_1_Good_Outcome_2_Target_2_Bad
391;Counterconditioning;Pass;Outcome_1_Target_1_Bad_Outcome_2_Target_2_Good
403;Counterconditioning;Pass;Outcome_1_Target_1_Good_Outcome_2_Target_2_Bad
409;Counterconditioning;Pass;Outcome_1_Target_1_Good_Outcome_2_Target_2_Bad
410;Counterconditioning;Pass;Outcome_1_Target_1_Good_Outcome_2_Target_2_Bad
414;Counterconditioning;Pass;Outcome_1_Target_1_Bad_Outcome_2_Target_2_Good
428;Counterconditioning;Pass;Outcome_1_Target_1_Good_Outcome_2_Target_2_Bad
430;Counterconditioning;Fail;Outcome_1_Target_1_Bad_Outcome_2_Target_2_Good
432;Counterconditioning;Pass;Outcome_1_Target_1_Bad_Outcome_2_Target_2_Good
434;Counterconditioning;Pass;Outcome_1_Target_1_Good_Outcome_2_Target_2_Bad
441;Counterconditioning;Pass;Outcome_1_Target_1_Good_Outcome_2_Target_2_Bad
442;Counterconditioning;Pass;Outcome_1_Target_1_Good_Outcome_2_Target_2_Bad
446;Counterconditioning;Pass;Outcome_1_Target_1_Bad_Outcome_2_Target_2_Good
447;Counterconditioning;Pass;Outcome_1_Target_1_Bad_Outcome_2_Target_2_Good
450;Counterconditioning;Fail;Outcome_1_Target_1_Good_Outcome_2_Target_2_Bad
451;Counterconditioning;Pass;Outcome_1_Target_1_Good_Outcome_2_Target_2_Bad
457;Counterconditioning;Pass;Outcome_1_Target_1_Good_Outcome_2_Target_2_Bad
  1;Counterconditioning;NA;Outcome_1_Target_1_Good_Outcome_2_Target_2_Bad
  1;Extinction;NA;Outcome_1_Target_1_Good_Outcome_2_Target_2_Bad
 14;Extinction;NA;Outcome_1_Target_1_Bad_Outcome_2_Target_2_Good
167;Acquisition_Only;NA;Outcome_1_Target_1_Bad_Outcome_2_Target_2_Good
